қызы,2
бейшараның,1
сөйлессем,1
томпайып,1
Ғазизаға,6
сыпайы,1
кірбеңдеген,1
бара,3
Жан-жағына,1
Қанайдың,2
Ол,8
киімдер,1
Еш,1
келгенде,4
ашуланып,2
жия,1
гуілдеп,3
елде,1
басымыз,1
келіні,3
түн,1
кеудесін,1
қорлыққа,1
тілімнен,1
әдепсіз,1
қараушының,1
себепті,1
ағайындарының,1
қойдық,1
сорлының,1
көңліне,1
отырғаным,1
сөйлескен,1
23,1
сүйсем,1
жауып,1
ұста,1
бол,1
қолды-қолымызға,1
сейілген,1
отырған,29
шаруасының,1
самсаған,1
көрінбей,1
қатын,1
тұнжыраса,1
басының,1
Балаңыз,1
шығармақ,1
естігенде,3
қызыл,5
шаруаның,1
атымен,1
рәсуәлау,1
күйе,1
құран,1
қорек,1
доғарылды,1
қарайып,1
жанын,2
қораны,4
ойнақтатып,1
алты,1
тағдыр,1
Аруақтарым,1
құранын,1
Төбеге,1
бірлі-жарым,1
ескіргенін,1
",",754
қошқар,1
біреумен,1
киімдері,1
еркін,2
көтеріп,5
көрмей-ақ,1
зар,2
төрімнен,1
білмей,4
салғызған,1
Қалтай,23
жасауы,1
кезі,1
қылушы,2
айыбымен,1
үйгентөксің,1
ұрып,1
бал,1
Дәл,1
қайда,5
қырықтың,1
көздері,3
шешесі,3
отырып,8
белгісі,4
жабысқан,1
суретін,1
едім,5
айту,1
жағына,1
Мен,5
батуға,2
үйлеспейді,1
уакыт,1
кімнен,2
көрсеткенімде,1
бауыры,4
жерде-ақ,1
уақыт,7
қарақтайды,1
естіп,3
қалғаны,1
ауылды,2
мекен,3
екі-үш,6
жүрегіне,1
себелеп,2
кішілеу,2
қай,3
қарайған,2
босанғанда,1
көмкерген,1
сойғамын,1
18,1
білерсің,1
зарлап,4
берген,4
деді,7
дүниеге,4
Соған,2
-ның,1
сезінің,1
әңгімесі,1
шыдаған,1
аралап,1
көңіліждиһатпен,1
асжаулық,1
Өктем,1
ретінде,1
әжесінің,1
созылды,1
12,1
16,1
күйетін,1
Ендігі,2
асты,1
үстап,2
қабат-қабат,1
Тобықтыға,1
топырағың,1
жарығы,1
жуық,1
қалжыңқой,1
қайғы-қасіретті,1
Ешбіріне,1
құрым,1
еттің,1
ауыр,3
Өзіңнен,1
отыр,8
көңілсіз,6
көнсе,1
болсаң,3
Өтпес,1
кісісі,1
Өлер,1
шешек,2
Мәрденді,1
жаман,5
Мұқашым,2
кайта-қайта,1
Мұқаш,1
Жасынан,1
түрған,2
тегістеп,1
тынышсызданып,1
өмірім,1
қарсы,1
білінеді,2
сүйенеді,1
жақындары,1
шошақтай,1
ойдың,3
біреуден,2
мүгедектеніп,1
жалбарынған,1
әрі,6
жуан,4
екем,1
бойлы,2
дуылдап,2
дұспандығын,1
орасан,1
аздан,2
күлді,1
жауған,1
жатқандағы,1
маңайынан,1
киініп,1
Қайта,1
жаттық,1
бойы,5
жел,8
тілеуін,1
рас,1
Өнбейтін,1
қалпынан,1
қалғым,1
Батыр-ау,1
қолға,1
Бірақ,15
жіберген,2
Үй,4
қайтқанда,1
көбік,1
қарашығы,1
тимейді,1
барсам,1
байлап,1
Ерте,1
жүретінін,1
кемтар,1
малымды,1
Сылаң,1
солардың,1
бойын,1
19,1
тысқа,7
таман,1
жолаушылар,3
жерден,3
өртке,1
–,2
жерлерінің,1
лашықтың,1
өліктермен,1
айрылып,2
қасіреті,2
есепке,1
ауыл,3
қарауынан,1
ғып,1
аттанып,1
биттің,1
қолбасылық,1
салынғандығын,1
жағасы,1
ойыңдағы,1
төбешіктің,2
8,1
ызасы,1
тентіретіп,1
қабағынан,1
шытынған,1
қонса,1
Ылғи,1
күтуші,1
ұшыраттың,1
серпіліп,2
Аздан,1
жатуға,1
жарлық,1
басыма,1
жүргендегі,1
биігінің,1
анаған,1
түрлі,3
бұның,2
тұрады,7
адамдар,3
сөйлестірмей,1
жесірлік,1
ауыртпалықтың,2
түстіктік,1
отырудан,1
қысқа-қысқа,1
қабақтары,1
аттарын,1
тағдырдың,1
қайрат,3
жайылған,1
қатаң,1
дегендей,2
жігіт,5
мыжиды,1
үзілді,1
ұрысы,1
әйелдердін,1
сұрақ,1
жүрген,9
беттерін,1
жүқаяқтың,1
құшақтасам,1
жаманын,1
божы,1
тайғанап,1
шығарттым,1
дудырап,1
таса,1
ыстық,1
көндірді,1
сыр,2
жоғалып,1
мініп,2
бұл,21
боранмен,1
білуші,1
тоқтатушы,1
Қорлық,1
көздерін,1
шыдасын,1
жасырылмай,1
қарын,3
жанып,1
ешкімге,1
томпиған,1
қалған,19
жылау,1
сонда,2
мықты,2
қолына,2
көмек,2
қайтарып,1
деуші,1
біреудің,1
қаласының,1
мазасыз,1
сияқты,2
сыртында,1
сезіктенгендей,1
қайтып,1
катты,1
шыныққан,1
халді,1
жасында,1
қабырғаны,1
басып,2
алысып,1
тәрізді,1
айналаны,1
мұнан,1
заманның,1
айналған,2
халдеріне,1
деп,60
бір-екі,2
жыбырлаған,1
ере,1
сөздерін,2
ұйықтамай,1
лағнет,1
Сол,9
кейін,2
ақылымен,1
Батыр,1
қоюды,1
қашып,2
жүдеу,1
Қазанбұзар,1
тиісті,1
тыста,2
ауғанда,1
қоналқалық,1
төгіп,2
пішінімен,2
бүрсиіп,1
кішкене,12
мынаған,1
қала,3
ағайын,1
Оның,1
мысықтың,1
жерлерде,1
білдіретін,1
жазығы,1
Ұрғашы,1
ысқаяқ,1
жерді,2
қайраты-қуаты,1
жас,11
құпия,1
қонақтардың,3
маған,1
атын,5
әкемнің,1
қонған,1
жалтылдайды,1
жүрегі,4
мола,2
жұмыстан,1
жасырудың,1
шауып,1
сөнері,1
көнбей,1
тоңбай,1
естідік-ау,1
өзіне,1
ақсақал,1
аталған,1
әлі,5
болам,1
шапанының,1
ұстағанның,1
жалданған,1
оңға,1
жүргендіктен,1
Он,1
кәрілер,1
атқа,1
жанашырлық-ау,1
мынау,7
бері,6
кереге,1
көңілді,2
келгенше,2
пішіндерін,1
Өлмесең,1
есептеп,1
төбесі,3
қажап,1
келетін,2
дәмелендіріп,1
барғаның,1
шорқақ,1
өзі,8
қырындап,1
Күндегі,1
батып,1
қасірет,1
Өлді,1
бұлттар,1
биыл,1
Ысмағұл,1
Денесінің,1
шықпай,1
жұбаныш,1
көршілес,1
қайнап,2
әлпештеуші,1
Кейде,1
ызамен,1
түсіпті,1
қарғадым,1
қыларын,1
азғана,2
түкпірлеп,1
түсіндей,1
медеу,2
тіреп,1
қалыпты,1
күннен,6
неменеге,1
койған,1
қаратуға,1
өзге,2
қабағындағы,1
анталап,2
көңлі,1
дәурен,2
Ақсақал,1
ызғырықтап,1
ретсіз,1
қожалақтанып,1
орнын,1
аяғын,3
істеген,1
жұдырық,1
қонақтың,1
қайратынан,1
Күндердің,1
қана,1
Жастығына,1
өкіріп,1
жанынан,1
жан-тәсілім,1
Бөрала,1
күйден,1
баптап,1
әкесі,5
отырмыз,1
кезеңі,1
тоңған,1
Ақанға,3
жетім,1
ойласа,1
болысы,2
Жайымды,1
туған,4
шаба,1
сондай,1
қимай,1
тыныш,1
айта,2
Пішен,1
қатынына,1
құлақ,1
келсең,1
келмей,1
кыс,1
Сендердің,1
міндетін,1
шарасымен,1
кетіріп,1
сипалап,1
танған,1
пәле,1
жүрегін,5
сағатына,1
Бағана,1
ұстаған,1
Жақыбымның,1
сәулесі,1
биязылықпен,1
болыс,2
қоралап,1
қыстың,1
малы,2
иесінің,1
екенсің,1
21,1
пен,4
көрмеді,1
Үстінен,1
тілейтінім,1
айналып,1
тағы,9
жібермек,1
қырын,1
тастан,1
аяқ,1
сүйенгені,1
келді,9
Біз,3
доғарып,1
істері,1
үшін,3
азырақ,2
отына,1
айтсам,1
торғын,1
шығып,15
тау,4
КҮНІ,1
жұмыс,1
әкесінің,2
түсі,2
тәтті-дөмді,1
дауыстап,1
Міне,3
пішінге,1
домалап,1
сәулесін,2
кезең,1
13,1
зарлау,1
қылатын,2
лампыны,1
Тау,1
»,52
таршылығын,1
емеспін,1
қолымыздағы,1
шөбін,1
көңлін,1
қалаға,2
арқасына,1
өмірінде,1
Күні,1
Бұрын,2
өтетінінен,1
де,36
шешенің,1
уақытта,8
үйге,14
бойында,1
Әлгі,2
жантайып,2
үстінде,8
бейнет,1
ағаш,1
әңгімесін,3
екендігін,4
көз,5
қу,2
сөзге,2
бірдеме,2
кесек,1
Қорыққанына,1
қүрмет-теген,1
Көңіліне,1
Баламның,1
айқын,2
барқытпен,1
өңдері,1
ұғылмайды,1
жетіп,4
түрде,1
моласы,1
белгілі,3
көргенше,1
көрінді,2
кешке,1
қиын-қыстауда,1
бойғы,1
бас,2
Еркектері,1
жаңадан,2
бейітіне,2
әкелгенімді,1
Жел,1
соқса,2
аужал,1
астын,1
тілеумен,1
қаза,1
отыра,3
қолдай,1
Қорадан,1
айғай,1
суық,9
көрге,1
келеді,4
жайдың,1
малын,5
оқиғаны,1
сүйенгенге,1
Екінші,1
жар,1
батырларының,1
бастап,1
ішіп,3
бірге-ақ,1
салуға,1
шық,1
сөйлескенде,1
бере,1
қоштасып,1
Дауылдың,1
жетектетіп,1
сырт,1
кіріп,10
тоқтады,1
шақты,2
Білмеймін,1
Бейіттен,1
толқын,1
жүре,3
салкын,1
Бауыр,1
қуарған,2
керуенге,2
суы,1
Елден,1
ұғымсыз,2
Жайдақ,1
айналасына,1
құрыған,1
бұрын,6
бұндай,1
ығы,1
ұзақ,5
көздеріне,1
көңілмен,3
алмаған,1
сөзді,3
мезгілде,1
Өзіне,1
солардан,1
Табандаған,1
отырсың,2
көрмеген,3
жұртқа,2
күннің,3
Көп,2
танымаймын,1
меңдей,1
көзін,2
карамай,1
айғайласып,1
ызғырықтанады,1
Мінекей,1
еш,8
жұмысына,1
Түтеп,1
қасарып,1
жаласқан,1
Артынан,6
жиырма,3
шейін,4
ыңғайланып,2
бөлме,1
төлегенде,1
аузымен,1
Мұны,1
жауыздықты,1
салмағы,1
күйде,3
қауіпке,1
жадыраған,3
қонысы,1
атыңды,1
Ғазизада,1
Шұбарадырдың,1
күндерін,1
Таудан,1
та,4
ұрымен,1
көңілі,2
алдында,4
құдайына,2
қайтпайтынын,1
бітпек,1
түр,1
сергіп,2
Ғазизаның,16
жұқалаң,2
қалпынша,1
сұмдарды,1
сұр,1
жайларын,1
сен,1
көңілінше,1
қиялдың,1
анықтап,1
кезеңінің,1
болды,17
жаманшылығына,1
қызылға,1
сыпайышылық,1
білмей-ақ,1
деген,13
ойлаған,2
изеп,1
5,1
қапты,1
білдірмейді,1
шешегінің,1
түскен,6
сый,1
едік,1
қысқалығына,1
қарай,3
отырады,3
қан,1
бермек,4
Қыстау,1
осы,26
9-10-дағы,1
сөзі,1
жүзіне,1
дауылдың,1
отыз,1
өуелдегі,1
қалам,1
ең,2
шарт,1
зәрін,1
жалықпайтын,1
биіктеп,1
еді-ау,1
бірінебірі,1
құдықтың,2
Берірек,1
қарағыма,1
үйіліп,1
кемпір,9
құсаға,1
бітіртпестен,1
сағатта,1
ағайындары,1
сыланған,1
қатайған,2
қалпын,1
ауыртатын,1
басына,9
ендігісі,1
дүниесі,1
аткөпір,2
бүзылып,1
сезім,2
көшіңкіреген,1
шетінен,1
ғана,15
жалаңаш,2
ауыңқырап,1
Оқып,1
етіне,1
ырзасыз,1
еске,2
бірлі-жарымды,1
қылса,1
ажымдары,1
Бүгінгі,1
алдына,5
тырнағына,1
төр,1
үмітті,1
пішіні,1
суқараңғы,2
көруші,1
тұмсығы,1
кеткен,7
маңайындағы,2
сенерім,1
ауызда,1
терісінен,1
ауыртпақ,1
еріксіз,2
нашарлығын,1
құтылмасақ,1
ауырып,2
ойының,1
күлгендегі,1
Көңілдегі,1
кірген,1
күресіні,1
дүниесін,1
Пішіні,1
салынса,1
қалпына,1
жасы,4
бетінде,2
салды,1
өмірінің,2
ауылдағы,1
мінезге,1
сұлу,1
қаршадай,1
құрбаны,1
қозы,1
ат-шапан,1
өлгеніне,1
егескен,1
көңіліне,4
жок,6
тоңып,2
кешірген,2
Көрген,1
мекені,1
Және,1
зорлықпен,1
Құдай-ау,1
кезінде,1
қазаға,1
көңілденіңкіреп,1
сөйлей,1
конақтарды,1
зардабына,1
көзді,1
болсын,1
отырушы,3
қажымаған,1
Жыластық,1
бірақ,1
мені,2
ақырын,3
Аты,1
сездіреді,1
кіре,1
жүк,1
қырында,1
қорда,1
ар-ұят,1
жөнелді,1
тұрғанда,2
өнерінің,1
өзгеше,2
жұттың,1
30,1
жүрегінің,1
лапылдап,1
демессің,1
келтіріп,1
үйлердің,1
дертін,1
ме,5
үлкен,7
биязы,1
Сөйлескен,1
барынша,1
беріп,6
дәурені,1
екен,14
шүберектей,1
ажарынан,1
тастайды,1
басын,5
Қораның,2
қабырға,2
даладан,2
беретін,2
жапқан,1
шеше,1
ойы,4
қарағанда,3
намыстанғандай,1
ұясы,1
балшығы,1
кісіғұрлым,1
Барша,1
батыр,3
кір,2
әңгіме,5
Тысқа,1
әйтпесе,1
құмарлықққа,1
көрпе,1
әңгімеші,1
сүрсем,1
білдіріп,3
келмесе,1
үйіне,4
айтпаса,1
ҚОРҒАНСЫЗДЫҢ,1
Қыстың,1
14,1
қорлығын,3
шошала,1
актүтек,1
бұйрығы,1
жай-күйін,2
жолының,1
шу,1
бейітті,3
айрықша,1
Мәрденге,1
бар-май,1
шешелерің,1
жұтып,1
дегізгендей,1
қартайып,3
Суық,2
басымызды,1
күнге,4
исі,1
кемпірмін,1
сездіріп,1
қабағында,2
жоғалтпаймын,1
алып,26
түзін,1
жұмыртқадай,1
Оларға,1
бірдей,2
таза,1
естімеген,1
аспанға,1
Кішкене,2
жұрттың,1
ойыншық,1
қызық,1
жүгі,1
қатайтып,1
еді,41
еркелетіп,1
түсты,1
толы,1
Күйіппісіп,1
ажар,1
жүзіндегі,2
Ақан,20
оба,1
сорлыларға,1
кетсін,1
қолының,1
емес,9
қасына,1
біреуге,2
ұйтқып,2
кемпірге,1
дабыста,1
аумай,1
тұнып,1
уайымынан,2
боларын,1
міні,1
найзасын,2
Таңертең,1
Аспан,1
жеген,2
ісім,1
ұғымды,2
кештен,1
айтарсың,1
түрін,1
қабат,3
жасығандықтан,1
ойлап,5
қуатсыз,1
тоңази,1
маңдайлы,1
жоқтауын,1
өлер,1
шолақ,2
мылжыңның,5
атты,4
таңданған,1
барса,1
айдының,1
үш,4
сыйлайтын,1
тіпті,1
онсыз,3
қап-қараңғы,1
баланың,4
шанаға,1
С,1
Күнге,1
көрнеу,2
туысқан,2
болмаса,5
тірі,6
жайы,1
дүние,5
тартып,4
айтпайтын,1
күнә,1
салбыраңқы,1
өлді,4
баламды,2
сырмақ,1
амандасып,1
оларда,1
тамағын,1
талқан,1
Жауыздықтың,1
сөндіргендей,1
басылған,1
тауды,1
шығын,1
ыңғайлы,1
ет,1
айтсаңшы,1
кетті,11
нанған,1
сыртына,6
шыдамай,1
әдейі,1
қатындарды,1
тұрған,15
мұқаттым,1
бізде,2
тілегімді,1
халдер,1
артынан,6
Айғайлаған,1
шықканда,1
жілігіңді,1
екеуінің,2
соң,40
келгенін,1
қиял,1
белгісін,1
қажытқан,1
күйіктен,1
кейде,3
жылауда,1
қылайын,1
көңілінде,1
қазынаның,1
аталады,1
ықтыртын,1
қамданып,1
Тұрып,1
табанынан,1
ашулы,1
тынышсыздана,1
жатып,8
неғыласыз,1
үйліктен,1
қалғи,1
сұңғақ,1
түйілтіп,1
құруға,1
сіңіртпейді,1
жылпос,1
жапсырып,1
Даланың,1
қайтадан,1
Жолдан,1
жұмсатайын,1
зұлымдықты,1
жазық,2
бізді,2
таңданса,1
жалатқандай,1
айтқандығы,1
жайлы,2
қаққан,2
ұрпағымнан,1
Артында,1
керуеннің,1
қар,12
қадаулы,1
қарекетін,1
моншақтап,1
жүргенде,2
келгенге,1
тартатын,1
сұйық,1
құлап,1
екіншісі,1
жабдығы,1
Өзім,1
бастарын,2
Қалың,1
отырмын,3
жылатпайық,1
3,1
өтірікшілеу,1
андасанда,1
қажымай,1
қылсам,1
көрсетіп,2
жылап,5
Әуелі,1
пішіндерінде,1
Біздің,1
ұрғашы,1
есеп-қисабын,1
күдіктеніп,1
өлгенде,1
бір,58
борап,2
балам,6
көлеңкесіндей,1
бейнетке,1
қорасын,2
айласы,1
ойлады,3
сөздерді,1
тұрқы,1
жұлқынып,1
Өз,1
айықпайтын,1
айласыз-әлсіз,1
сыбырлап,3
көруге,1
мұң,2
бұрынғысынан,2
түсіріп,3
қақтырып,1
ие,3
жалынын,1
тар,2
жайлаған,3
үндемегенде,1
кетірген,1
27,1
қасіретке,1
масыл,1
сөздің,2
көңілсізденіп,1
тамшылап,1
салдарынан,1
Ұйтқып,2
жан,1
құтылсам-ау,1
іздеп,3
сорлылық,1
шерін,1
жақтан,2
бәлтек,1
анда-санда,3
жеткен,1
қатпары,1
себеп,2
болып,62
аруағына,1
мал,1
кегін,1
қап-қара,1
Уақпен,1
бұлар,1
жоқ,37
жеңімен,1
білсе,2
тоқтайтұғын,1
жетімсіген,1
жоғалтқандай,1
шыңына,1
төрдей,1
даланы,1
айғайлап,2
үзбейміз,1
жастағы,1
Қасиет,1
уайым,1
борсып,1
Сезімі,2
көрмеймісің,1
шешелерім,1
Құдайдың,1
2,1
Бірталай,3
болмапты,1
өксікпен,1
сарнаған,1
өңін,1
айықпай,1
істетпеймін,1
ұстайды,1
көздеген,1
бейнетіне,1
жүйрік,1
жасырып,2
ана,3
күнде,8
шашылып,1
есігі,2
түгелімен,6
бөтен,4
бата,3
баруға,2
уайымның,3
түрып,1
Терезеге,1
Сондықтан,3
азап,1
ауырғанда,1
кезде,3
қысқалау,1
кірісімен,1
Бұрынғыдан,1
-деп,1
ақ,2
Бишара,1
өлік,1
6,1
көзінен,9
қорғансыздығынан,1
өзгеден,1
Құрымағанда,1
айтуынша,1
деймісіз,1
белдеуде,1
сүйетін,1
бұғанасы,1
қайтқан,1
мүп-мүләйім,1
Сен,1
қылығың,1
кірбені,1
бишаралар,1
аң-таң,1
қорлау,1
жату,1
адамның,4
қүрметтегендей,1
әніне,1
болған,25
жаншылып,2
қоя,3
тістегеннің,1
үйде,1
жарты,2
аталарының,1
шашып,1
:,55
таудан,1
Келіні,1
ендігіні,1
десек,2
жалтаң,2
Жақыптың,4
көмбекші,1
құйылып,1
жылатпақ,1
аппақ,1
немере,1
сандык,1
қуанып,1
үйімізге,1
жердегі,2
жатты,3
сенің,3
ұғысты,1
Дүниенің,2
жетімдікке,1
басқа,10
дегені,1
ескілеу,1
бастаған,1
суырған,1
дегенде,1
қатты,11
паналығы,1
келе,10
жұмыстарын,1
іждиһатты,1
қап,1
о,3
тез,4
жаһанның,1
қонақтармен,1
бұрынғы,1
әрқайсымыз,1
пішен,5
құдай,1
жөне,1
Қатынша,1
рақым,1
жадыраңқырап,1
келешекте,1
сұмдар,1
қорғалақтап,2
жаратылған,1
пар,1
шыққан,1
бәрі,5
дүниесімен,1
төрге,1
ақырының,1
қысылған,1
қызған,1
мархабат,1
тиетіндей,1
мойнына,4
іштеріне,1
жасырыңқырап,1
сипап,1
түсті,3
шындығына,1
жат,4
бүгінгі,2
арылған,1
бастағандай,1
ығын,2
қараның,1
біткен,2
Жақыбым,2
ұқсайды,1
қарамай,3
қорықса,1
қайырын,1
білдірмек,1
танытқанда,1
тазалықтың,1
тілегім,1
малың,1
базар,1
білдірушілердің,1
қайғыларын,1
қиыршықтанған,1
ығысатын,1
дауыспен,1
азапты,1
қадағалап,1
өшіріп,1
сескеніп,1
көлігі,1
елестеп,1
өте,1
түсірді,1
20,1
келейік,1
соғып,2
жағып,1
бергенде,1
аулының,1
ешкімнен,1
алғашқы,3
Осыны,2
әрлі-берлі,2
Бұдан,1
ірі,1
ат,3
десіпті,1
ашу,1
қоймақ,1
үңгір,1
үнсіз,1
шеп,1
тыным,1
Сөзін,1
бөлмелі,1
толған,1
оның,5
Пәленше,1
әкетіп,1
белгісіз,1
тымақ,1
Дүниені,1
жерменжексен,1
қүдай,1
болса,6
Есік,1
кісің,1
шыдай,1
білеміз,1
себебі,1
оны,2
алдындағы,2
сүртіп,2
біржолата,1
сөйлесуге,1
Әрі,1
шежіресі,1
аманырақ,1
пішінінде,2
ашқызбайды,1
шам,4
Ұқса,1
бойға,1
қалмаған,1
ағайынның,1
бұршағын,1
жығылып,2
қарады,1
бұрышындағы,1
шала,1
сабыр,1
жарған,1
телміріп,1
Жоқтығына,1
Сөзімді,1
ауылдың,4
бұлттардың,2
Не,3
ендігі,1
ішін,1
не,33
қалды,10
жақсы,4
қайдан,1
ұрсып,1
ерлік,2
Жолаушының,1
түнде,1
бастады,13
артына,1
күндегі,1
аласысы,1
көңілдерін,1
қарсылық,1
Момындығы,1
қотырының,1
жылдардан,1
Кімге,1
десіп,2
болғанда,2
колыма,1
жанында,1
ізін,1
мұрынды,1
өзінің,9
Бүгін,2
еркектерше,1
түгел,3
барады,2
мырза,2
бұрқылдап,1
ықыласын,1
көмілмек,1
ойлағанда,7
долданып,1
қойып,2
мылжың,3
алыстан,1
Қу,1
ертеңді-кеш,2
отты,2
басындағы,1
жеңіл,1
малға,3
сыртынан,2
қасындағысын,1
жарып,1
сезімді,1
жылтылдап,2
болдым,1
қорада,1
алғашкы,2
жайын,3
шұбырып,1
қыс,3
жортуылға,1
аяйсың,1
күні,7
Құлағына,1
басынан,9
қояды,1
жабысып,1
тапталған,1
жігер-намыс,1
түндегі,1
боялған,1
дедектетіп,2
назаланып,1
төрт-бес,1
асырып,1
білгендей,1
азаматына,1
еркінде,1
оқымасын,1
көңілденіп,1
азабына,1
жүретіні,1
денелі,1
мұратына,1
тозығы,1
айықтырмаушы,1
Қадағалап,1
алыстап,1
1921,1
жаны,6
есікті,1
қып-қызыл,1
әңгімеге,1
шаншып,1
тартты,1
аласа,2
бейіттің,2
бауырына,1
жуып,1
Бұрыш-бұрышында,1
атына,1
қиялында,1
жасырынған,1
25,1
Даусын,1
таптым,1
керней,1
Жетім-жесірге,1
қарлы,1
ыстан,1
биязылығын,1
жері,4
оңтүстігін,2
қылдың,1
есіне,3
саларсың,1
ырза,4
қонышын,1
атқарып,1
Үстіндегі,1
Қарағым,6
баламнан,1
бұлдырап,1
үйіле,1
жырып,1
ойласайшы,1
сезімдей,1
Ғазизамды,1
сұмдығымнан,1
астынан,2
алғысы,1
үміт,2
жазығым,1
душар,1
сорғалап,1
түні,2
Жақыпқа,1
А,1
елінен,1
үскіріп,1
сенген,1
жерім,1
мұртты,1
шынтақтап,1
үстіне,8
алтыға,1
Осылай,1
бірін-бірі,1
қыз,2
Тұңғиық,1
жақыны,1
айналасының,1
таңып,1
ықтыра,1
Уақты,1
сырғып,1
қара,17
Бұған,1
Іші,1
бұдан,2
тастамайтын,1
тағдырға,1
кетуші,1
қосыпты,1
қалыптарын,1
көп,16
көрім,1
бауырының,2
құдайым,1
дүсірлетіп,1
шығару,1
қызметінің,1
өзім,1
есігінен,1
кеткелі,1
панасы,1
шоқытқан,1
Әйелдердің,1
бармастан,1
үшіншісі,1
көретінім,1
бауырында,1
асасың,1
мағыналандырып,1
сәулесімен,1
ол,11
жалбарынғаны,1
тыңдап,2
кісісіне,1
жұма,1
қозғады,1
жанармен,1
есіктің,2
мұршасы,1
екенін,6
кісімсіп,1
оңынан,1
Бір,1
кем-кетік,1
дедім,1
шамды,1
құмарлықтан,1
қылғысы,1
қағаз-қарындаш,1
Келіннің,1
үйім,1
айналды,3
Ғазизаны,4
алымын,1
елсіз,1
Балам,1
Ақырында,2
ту,1
қылып,24
жалықпай,1
мейірімсіз,1
себездеп,1
мұрны,1
моп-момын,1
алар,2
алмайды,3
қуысына,1
бейшарамыз,1
тұрса,1
жақтағы,2
жауратып,1
қызарып,1
молайды,1
кетер,1
топырағы,1
қозғалып,1
қыршаңқысын,1
дәрмені,1
түйінін,1
алған,4
қоналқаға,1
асатын,2
Дүйсен,3
қағып,1
жүрсің,1
мүмкін,1
көбірек,1
өшіп,1
барып,3
бұзғандай,1
ұшып,1
тынышсызданғандай,1
сабырлы,1
берейік,2
тазамын,1
тысырайып,1
Ақсарбас,1
Шаруаға,1
пішіндес,1
Жүрегінде,1
бояуы,1
қатыны,2
Иесінің,1
толтыруға,1
пішінінің,1
созылып,1
қолмен,1
Жалғыз-ак,1
Әйелдер,2
панасыз,1
жүрсе,3
өңі,3
былай,1
жалғыздыққа,1
дүниенің,2
жылдай,1
құртасың,1
айырылып,1
жаткан,2
тауқыметін,1
азабын,2
Үйіне,2
22,1
Иесіз,2
өрем,1
ойына,4
Батырды,1
ақысын,1
көтерсе,1
кәрнезі,1
ұрыларының,1
егіндігі,1
тіршілігінен,1
бір-бір,1
қалпында,2
оңаша,2
жолаушыларға,1
қолында,3
соңынан,1
бүл,1
<s>,463
шағы,1
биіктің,2
көріп,10
көрген,10
үміт-қорғаны,1
Қалаға,1
Жақыпты,1
Біраздан,1
өле,1
борышы,1
кәрі,1
шықты,6
көміп,1
серги,1
ұшқан,1
зары,1
баламның,3
тырысып,1
аяғында,4
жүгіріп,1
тұр,16
өтті,4
көлігіне,1
үй,8
соқыр,4
шығарып,3
думан,1
құтырынып,1
сыйынып,1
естіртпе,1
қонағы,2
сілкінгендей,1
соғысамын,1
саудасының,1
жалғыз,13
Менде,1
мінезі,1
Күшікбайдың,6
үйіңнің,1
арасында,4
әжесі,1
Үсіп,1
орта,1
жібереміз,1
бұзылып,1
Бұл,19
қой,2
Ұшып,1
Қайғылы,1
үйі,1
дайындап,3
батырдың,1
ақырындап,1
болымсыз,2
ма,8
түтектеніп,1
қысқа,1
тынып,1
торқа,1
басқан,6
28,1
қарды,2
Алыстан,1
ашық,3
өтіп-бері,1
уайымы,1
пішінін,1
ойымыздан,1
сиқын,1
өне,1
жартысын,3
түрмен,1
келін,1
көрінген,1
айтылған,3
Қасындағы,1
жетімдік,2
айының,1
естілмейтінін,1
жерге,6
қажығандығын,1
басқарып,1
ала-шұбар,1
қазасы,1
отырғанда,7
Орта,1
үміттенерлік,1
жөнеліп,1
Балақтағы,1
Божы,1
сүйер,1
Сөзінің,1
жіберіп,3
бірдеңе,1
шымы,1
айғайлай,1
уақыттан,1
затында,1
салғанын,1
уқалап,1
тоқты,1
жағы,1
өзгеріп,1
айтады,5
сызық,1
боғын,1
күйік,1
қанағат,1
анау,2
Қалтайға,2
тілді,1
жүретін,1
сөйлемей,1
байсалды,1
күштің,1
Ауыр,1
таба,2
бізге,1
құлағы,1
қолдарын,1
шекпен,1
сұмдық,1
бишаралықтың,1
кернеген,1
малымен,1
егіні,1
Еркек,1
балалығы,1
сыртының,1
аксақалы,1
қойымды,2
көмгендей,1
қонақтар,4
қазанаспаның,1
бейшара,2
болғандығы,1
немене,1
Жолдың,1
ұры,1
бұрышта,1
керуен,3
бейіттерге,1
қараған,4
жай-жапсарымды,1
егер,1
дей,2
дал,1
мақүлдады,1
көруіне,1
Акан,2
сыйламак,1
секілденіп,2
қатал,1
еркектері,1
мұндайлык,1
иттің,1
ызғырықтайды,1
жетім-жесір,2
жерінде,1
қойған,3
көзімнің,1
Пештің,2
біресе,8
із,1
кемпірді,1
секілді,10
баска,1
бауырынан,1
майда,1
төгемін,1
топырағын,1
шаруаларды,1
-сол,1
тұрғандықтан,1
айтқан,3
жақсысын,1
тесіктің,1
тастамайды,1
жер,4
жөнді,1
қымсынып,1
Қағазының,1
тесігінен,1
Әкесінің,1
үшып,1
борасындатып,1
келгендегі,1
өліп,4
аз-ақ,1
жамаулы,1
жілікке,1
айтушы,1
сіңбіріп,1
куә,3
қуаныш-қызығы,1
мырзасы,1
күн,13
темірдей,1
ала,3
тарлығы,1
көріп-біліп,1
атасы,1
да,53
Қарағымның,1
үндемей,4
ғой,16
Ежелден,1
хабарлар,1
қожасы,1
қасіретін,1
қарап,11
Күндізгі,1
әйелге,2
көрші-қолаңшы,1
болысыңнан,1
аналардан,1
қабырда,1
үйін,1
шамасы,1
жиылған,3
көбінесе,4
топырақ,1
тілеген,1
жеке-жеке,1
жиып,2
сезімсіз,2
жақсылығына,1
екі,18
қылушыларға,1
жібермеді,1
етік,1
өлген,2
ашылып,1
Жасымда,1
қағыстырып,1
Одан,5
Тышқанның,1
бала,3
өлгендігінен,1
қызығы,1
қашырып,1
сұрап,2
ауруымен,1
жылатқан,1
еті,2
ұрыстым,1
ертіп,1
алмай,10
қожалақ,2
ағып,1
жауы,1
құрып,1
бет,1
асқан,3
ойымыз,1
айтты,4
кісілерінің,1
тал,1
жауап,3
бітіріп,1
көмілген,1
қамданған,1
қайырыпты,1
Қатынының,1
қысылып,1
көңіл,1
кешкендігін,1
ә,1
қараңғылық,1
боранда,1
бейіт,3
одан,1
тыстағы,2
ұстап,4
келінім,2
аққан,1
байқаған,1
тастай,1
біраздан,1
Аяғы,1
пәлесі,1
айтылды,1
сүйкімділігін,1
болу,1
Жоғарыда,1
Соның,2
қайғымды,1
сұмдығыңды,1
шаршап,1
ұяң,1
желі,1
ажары,1
бықсыма,1
ұсақ,7
жастық,1
өтіп,7
өскендіктен,1
алғанша,2
неге,3
шыға,2
желініп,1
Кемпірдің,7
алуға,1
ақыл,1
сөйлесіп,3
сезіп,1
ақылымыз,1
бастан,1
арада,3
бағанағы,1
кетіп,9
орташа,1
Күннің,1
Тозығы,1
тесіктен,2
адасты,1
Басы,1
мәңгі,1
Әңгімесін,1
ырылдасып,1
отырды,10
бірде,2
ете,1
жалынған,1
сақалды,1
ауыздарын,1
берсін,1
деуге,1
өкінгендей,1
мінезінен,1
Содан,1
жұқа,2
келіннен,1
әлсіздігін,1
жатқан,12
аяғым,2
кейіс,1
құдайдан,2
жаманатын,1
еліне,1
тақат,1
сұрғылт,2
женеле,1
Сенің,1
17,1
жалаңбас,1
-,76
қызғылттанып,1
тәрбиелі,1
білдірмей,1
ызғар,1
босамайтын,1
құлазып,1
нәрсе,6
отырамысың,1
аруағы,2
көніп,1
қоқақтамасын,1
қабағына,1
пішініне,1
осыған,1
қайта,3
қоралаған,1
көңілге,1
сөз,8
айырушы,1
жүректерін,2
әрең,2
салып,8
етті,1
тұратынын,1
достығы,1
мүгедек,1
есін,1
Ана,1
кедей,1
су,1
жылағаны,2
сұрадым,1
азын-аулақ,4
бөрін,2
Күшікбайдан,1
күндізгі,1
ешбір,2
24,1
есікке,1
Жолаушылар,2
көнетоздау,1
әйнегін,1
қақ,1
жайлап,3
мінді,2
шекпенді,1
болсам,2
қора,1
ауру,1
шешелеріңе,1
қорқыныш,1
аузында,5
менің,5
жанған,1
ортасына,1
пеш,1
қайтемін,1
Құдай,3
терезеге,1
әсер,1
бұрыштағы,1
жүзінде,2
кім,6
әсіресе,2
оқыды,1
толық,1
Тобықтының,1
боран,5
өлтірген,1
бірге,5
түяқ,1
хал-жайымыздың,1
тынығып,1
жолдан,1
әзілдессем,1
жерде,9
ішке,1
әдеттеніп,1
4,1
тұрсын,1
үшеуі,1
жалығып,1
көлденең,1
Қонақтар,5
дауылы,1
желге,1
келсе,2
сабағы,1
ыза,3
елдің,7
қайта-қайта,3
қазанаспадан,1
сөзім,1
қысылыңқырап,1
жалпақ,1
аударып,1
әлпеті,1
Әкесі,1
болатын,6
сон,1
ішінен,4
9,1
Кісі,2
Кешегі,2
жатыр,6
әңгімені,1
нәрсенің,3
тұтас,2
мұрнына,1
Бұрынғы,2
бораннан,1
азынап,1
отырғанын,2
білген,1
кірлеп,1
сар,1
сойып,1
алақаншықтап,1
сақтауды,1
батыры,1
соңғы,1
лампының,1
кемпірдің,5
басқаны,1
Елдегі,1
қалып,5
қарыз,1
кей,1
әр,7
елдер,1
өлгені,1
араласып,2
сыпайылығы,2
ауырған,1
оймен,1
бес,1
кез,1
дүниеқоңыз,1
талып,1
қараңғылыкқа,1
Қандай,1
сыланбағандықтан,1
айтқаныңды,2
көретін,2
Менің,7
көзіңнің,1
те,1
Үшеуі,1
істейтін,4
болғандықтан,4
аңырайып,1
өксіп-өксіп,2
жүмысы,1
бишаралық,1
пештің,1
үстерінің,1
дейді,9
төсекте,1
тамағым,1
шай,1
қандай,5
жайлары,1
Арқалықты,2
суығына,1
киімдерінің,1
балшықпен,1
оң,1
сары,2
маңына,1
келіп,16
үрейі,2
жеткіз,1
10,1
отырмай,1
алақанына,1
дауыс,1
шешен,1
бе,1
Батырдың,1
Онан,1
Аяғында,3
естірлік,1
қорғансыз,1
талайдан,1
таңғалыңқырап,1
тарихын,1
бұрышында,1
Көздерінің,1
сілкіп,1
елімнің,1
жадырап,2
күтпеген,1
жалғыз-ақ,2
сүзек,1
шаруаң,1
қазіргі,3
Биіктен,1
тілеуі,2
пұшық,2
салған,8
қойсын,1
сездіретін,2
кіру,1
сексеннен,1
ашыса,1
берді,3
білмейсің,1
қисық,1
айтып,10
жатқанда,2
ажарландырып,1
жоқтықтан,1
бишара,1
әрқашан,1
айтылып,2
26,1
көтерген,1
Күндіз-түні,1
қалушы,1
бұзылған,1
ауруы,1
күнінде,3
таңғаларлық,1
ішіндегі,4
өлсе,1
жыбырлағаннан,1
тауып,4
сіңбейді,1
Сынбаған,1
той,1
ата-бабасының,1
ұялмастан,1
бұрыш-бұрышында,1
Өткен-кеткен,1
қорлық,2
бетке,1
Көруге,1
еркек,1
жетімдіктің,1
жүрсін,1
Енді,3
байпағының,1
шығармай,1
асқынып,1
шешесінің,1
шешелеріне,1
терең,2
ішінде,7
семіз,1
түгім,1
жүр,4
шаныштырып,1
мазақ,3
О,1
өздерінің,1
кие,1
Шанадан,1
адасып,3
төрде,1
алыс,1
жүрегінде,1
сол,21
Осы,5
көрсетейін,1
арық,2
шыкты,1
сезімге,1
көзге,2
артынан-бірі,1
Өзі,1
қайғысы,2
жүруге,1
шыққан-дай,1
сорлы,4
мүләйім,1
таныс,2
қораның,17
азын-аулағын,1
шашы,1
Бұлар,1
түсте,1
Қыры,1
жайың,1
керексіз,1
білініп,1
сөзімен,1
салмақты,1
шамасында,1
болады,5
қарайтын,2
көрді,1
сәнсіз,1
сияқтанып,1
жерінен,1
қарасты,1
тасқа,1
өгей,1
ал,1
қанаттыға,1
кіргенде,1
кеткені,1
қарасаңшы,1
арамдық,2
ойланып,1
Жиылған,1
ашып,2
әйелдер,3
түрды,1
таңбасы,1
жинаған,1
құдайға,2
аяйын,1
бөлінеді,1
үйдің,10
болушы,1
ішкен-жегеннен,1
көшір,1
аштан,1
қалар,1
секпілі,1
жылатып,1
<f>,463
Бұнда,1
күрсініп,3
елпілдеп,1
қызғылт,2
шықпасына,1
басымнан,1
Екеуі,1
аңырап,1
айтқанда,1
ер,1
қорасы,3
таусыншық,1
ығыса,1
түңілтетін,1
жүргізді,1
бұзық,1
көзім,1
бір-ак,1
Әуелден,1
ба,3
шалдығып,1
босаған,1
көрінеді,2
жетуші,1
қайғы-қасіреттен,1
ірге,1
ұқпайды,1
аяздаған,1
Әуезов,1
азырак,1
Күн,4
келген,9
Мәрден,2
жауыз,1
мақсаты,1
түтегінен,1
еркіне,1
бұдыры,1
қараңғы,3
алдынан,2
зарын,1
лашығың,1
Мылжың,1
отырғанымызда,1
әйел,3
бірінің,2
отырғаны,2
ойламаса,1
баланы,1
тиген,1
пе,5
түтін,1
оянғандай,1
Әлсіз,1
және,10
әбден,2
кәрілігі,1
түртіп,1
шайын,1
болмай,2
өсірген,1
бармайтын,1
толып,2
арашалап,1
қарасы,1
немен,1
қабырғасы,2
шып-шып,1
өзгелерден,1
дүниелігін,1
жетімдік-жалғыздық,1
соққан,7
бағасы,1
басында,3
кедейлік,1
тілмен,1
балаларымның,1
айтам,1
жол,2
тиеді,1
түпсіз,1
Біреуі,1
Үйліктің,1
Бейшаралық,1
келмеді,1
шығаратын,1
Қызғылт,1
біреуі,4
Ж,2
араздаспасын,1
иіп,1
қалғанын,1
па,3
қояйын,2
жасын,1
қорадан,2
деймісің,1
жақ,2
қуыс,1
Кедейлігінен,1
бауырын,2
көрінбейді,2
шешесімен,1
жүдеп-жадап,1
жасап,1
ойланғандай,1
бейіттер,1
Сенімен,1
үзіп-үзіп,1
Күнбатыс,2
сырғауыл,1
қойын,1
жалпылдап,1
ауған,1
Осылардың,1
меңіреу,1
әлек,1
жылы,2
хабар,2
жоғалмақ,1
сауда,1
бәрінен,1
әйелдердің,1
жаяу,1
жайынан,4
сағынушы,1
бұ,2
жаның,1
тек,1
кораға,1
соңында,1
түскенмен,1
ашылды,1
Төбесіне,1
жалғыздығын,2
табиғаттың,1
оларды,1
жөнін,1
екеуі,1
дағдыланған,1
неменесіне,1
Әйтпесе,1
үйдегі,3
асығады,1
күнәсі,1
сырын,1
мол,1
кем,1
бөліп,2
Күшікбай,10
арқасында,1
сондайлардың,1
ылғи,3
тулап,1
үш-төрт,1
тәуір,2
жалыны,1
бар,34
әңгіменің,2
біріне,1
қосқан,1
дөңгелек,3
сезген,1
пішінінен,1
қуып,2
өзің,1
желіп,1
айтыспай-ақ,1
қызын,1
Мұнымен,1
қарашаңырағының,1
дертті,1
Осынша,1
болғаннан,1
әрқайсысын,1
уақытқа,1
іш,1
жерден-ақ,2
күңгірт,4
елге,1
қоймай,1
ермек,2
мезгіл,1
беті,3
зорлықтан,1
Төр,2
зор,1
іші,6
алды,5
жақын,5
айтайын,1
шаруасын,1
көзден,2
беруші,2
күнінен,1
сөзін,7
құтылған,1
өлгеннен,5
айтпағын,1
11,1
ас,1
қас,1
Жер-жебіріне,1
адамдары,1
Барлык,1
тілек,2
Сонда,1
құтырып,1
мұрнын,1
Екі,1
Уақтың,4
сөздеріңді,1
шамаларынша,1
жеңіп,1
салмай,1
ұрайын,1
сықылды,1
қолынан,1
балшық,1
7,1
күткен,1
кең,2
жаңада,1
кебінін,1
жанада,1
қайратым,1
Өмірінде,1
қажыған,1
аман,2
естіліп,1
ұстайтын,1
Е,1
кісі,3
гөрі,1
тымағы,1
ағайындарына,1
Үстінде,1
түрмын,1
ұғуға,1
бола,1
қуатын,1
түседі,2
бесті,1
он,3
қайнымның,1
басшы,1
Барлық,2
көңілдегі,2
Жаннан,1
жанары,1
үйінің,3
бәрін,5
қатарына,1
тартатыным,1
аламысың,1
Кәпірстан,1
айып,1
қақсаған,1
түбінде,3
шығыпты,1
барқыт,1
шаруасына,1
қайтыпты,1
киінген,1
Ешуақытта,1
зорлығын,1
кеулеп,1
жылқыдан,1
тұмсықтыға,1
намыс,2
шаруаны,3
болмағанына,1
болғыр,1
көзінің,1
кол,1
Осындай,1
кішкентай,1
жұмырланған,1
осының,3
істеп,3
күндіз-түні,1
тығылып,1
малдың,1
аз,9
жүзді,1
дауыстың,1
қажып,3
дыбыстар,1
басы,1
өскен,3
жолдың,3
нөрсе,4
босаушы,1
Біраз,1
Біреуден,1
!,32
жалбарынып,1
«,52
пұшығына,1
өткір,2
өмірге,1
екінші,3
сөйлеуші,1
өтсе,1
құрғырдың,1
ептеп,1
қадалып,2
тұратын,1
сезігі,1
баласы,8
кетіпті,3
жеріндегі,1
шақырымдай,3
амандап,1
ұшырып,1
ұртына,1
Көңлінде,1
әкесіне,1
жамандардың,1
перде,1
алаңдық,1
Сонан,2
тіксіндіретін,1
өткенде,1
айтқандай,1
басты,4
жүрісіне,1
қуланып,1
өзінен,2
сынған,1
шөпке,1
қатпағандығына,1
айырылған,1
бөрі,1
аузына,1
көрдей,1
барлық,10
нұрдың,1
жағынан,2
қүрғыр,1
әл-гідей,1
бересісіне,2
сомасындай,1
пыстырып,1
мына,4
буын,1
нәрсені,1
өткен-кеткен,2
ұстай,2
соны,6
Арқалықтың,7
ортақ,1
күңіренгені,1
айтатын,1
ызғырығы,1
жайланып,5
үсті-үстіне,1
аласысын,2
түсер,1
қонақтарын,1
жирендіретін,1
алғызып,1
бір-ақ,1
жолдасы,1
қылатыны,2
батырдікі,1
кеселінен,1
ұмытылып,1
қосылып,1
қараңғылығын,1
үш-ақ,1
тыжырынып,1
жүр-жүр,1
қорлық-мазаққа,1
қолымызда,3
пішінденген,1
Жалғыз-ақ,5
жатқандай,1
жоғары,1
дәрежеде,1
алам,2
пісті,1
арқалап,1
сөзінің,3
Жуан,1
ойлатқаны,1
Дүниеде,1
ақырғы,6
ағайыннан,1
Ғазиза,20
бетімен,3
ізі,2
қармен,2
өзін,1
жылаудан,1
жүзін,1
зорлық,2
жатқызатын,1
торпақ,2
біраз,3
қабағын,2
қарағым,4
жансыздықпен,1
қорқып,3
танитын,1
даусы,2
жұмысын,1
жұбатпақ,1
шегуші,1
ұғып,1
іздемей-ақ,1
сөзіңді,2
өтірік,1
түсіреді,1
әдетпен,2
Шешек,1
түлкі,2
көрсеткен,1
Әңгіме,1
жауының,2
киіз,2
ес,1
Қарағым-ай,1
қаттылығын,1
Кезең,1
әуелде,1
қылған,5
істерін,1
адам,10
дерт,1
жөн,1
қаласы,1
жолында,1
көрмейтін,1
керек,11
Алдынан,1
Уайымы,1
көрсетпе,1
жігіттің,1
ұқтырып,1
құлқыны,1
созып,1
май,1
шөп,3
Мінеки,1
Кеселділердің,1
көңліндегі,1
аударарлық,1
күндердің,1
терезенің,1
сауабынан,1
таусылса,1
Ұялмағырлар,1
тұрды,3
тартқан,1
өмірдің,3
мінекей,1
қазаны,1
шешем,1
жегісі,1
Құдай-ай,1
Шай,1
кісіге,1
көштен,1
аксұр,1
Қалтайдың,3
атымды,1
отырғандағы,1
шет-жағасын,1
бұлтындай,1
жадағай,1
иесі,1
Жақып,7
бергі,4
тиіп,1
сызыққа,1
уақыттағы,1
зардан,1
түксиген,1
Немене,1
пішінді,2
Алғашқы,1
көзінде,2
жоғалтуға,1
асылып,1
жұмсақ,1
нәзік,2
сүйегін,2
Ұзақ,1
өткен,7
десе,2
суарып,1
тұмсықтау,1
есі,5
аламыз,3
Апа,1
нұрланып,1
жаңа,7
онға,1
корлық,1
құрметтегісі,1
қалғандағы,1
құлқынын,1
күнім,1
дегенді,2
өрт,1
асыл,1
уыз,2
жуанымсып,1
торғынның,1
суык,2
тоң,1
гөр,1
Ақанның,3
Мұхтар,1
қызығып,1
ғазиздерінің,1
шынға,1
жіңішке,2
көтеріліп,1
Бөтен,1
29,1
құрығынан,1
кісілері,1
Кемпір,11
кақпаны,1
күнгі,1
пәлендей,1
боп,1
сезіміне,1
азық,1
болмайды,1
тұрғанына,1
пәленің,1
сақтап,1
тәңірі,1
ойлайтынын,1
өшін,1
толас,1
кісінің,3
қалың,4
немесе,2
қуыста,1
ісі,2
Есікке,1
істемеді,1
Мына,2
жауыздықтың,2
Алдымен,1
кіруге,1
төбемнен,1
керген,1
тұман,1
теріскей,1
Бөрінің,1
тұнжырады,1
азын-аулағының,1
қатындарға,1
күндізгісінен,1
иесіздіктің,1
кірді,5
түсіп,4
ауыз,4
сезімнің,2
мен,17
білдіргендей,1
күресінге,1
көзі,9
зерделілігімен,1
зарына,1
есеңгіреп,1
сөзіне,3
құтылмайтын,1
көбі,3
көрінетін,1
таусылып,1
ескі,4
белгі,2
өз,8
жүріп,9
ай,2
Өмірінің,1
жете,2
шын,3
соның,3
ұрпағы,1
сондайлық,1
сілкініп,1
атқанша,1
Үйде,1
дұспанның,1
көмегі,1
жылдарда,1
айтқызып,1
салқын,3
отырса,1
көңілдері,1
Кеудесі,1
шекпеннің,1
қайғы,6
қыстайтын,1
айтудан,1
мырзасының,1
Тақырлау,1
Терезе,1
қорғансыздық-сорлылық,1
Үлкен,1
сескенген,1
Январь,1
күшті,2
зорға,2
тіледі,1
шықпаған,1
ойындағы,1
қоңыр,1
киген,3
қарастырып,1
Сыйынды,1
татитыны,1
алысырақ,1
киімнің,2
оларға,1
қайғының,3
қоюшы,1
талай,4
тапқандай,1
аяған,1
әйелдін,1
енсіз,1
бетін,3
қонақ,4
тілегі,1
Аулақ,1
біздің,2
қонбайды,1
сауырсын,1
еркелігі,1
шоқша,1
біліп,5
Ұрысы,1
далаға,1
арналып,2
қаталдық,1
назалы,1
сүйенген,1
құлқы,1
Бұны,1
батты,1
кеп,2
жазды,1
жотасының,1
жайып,1
бетіне,4
шыққанын,1
әкелгізді,1
барлығын,1
атшабар,1
ретпен,1
білсін,1
қуаты,2
зұлымдығына,1
соған,4
үйілген,1
жасырын,1
кісілер,1
күйін,2
Жас,2
кендігі,1
сыйғандай,1
айтуға,1
;,8
қызарған,1
ентігіп,1
жылады,1
төсек,2
қырау,1
нәрсемізді,1
қалмай,1
Еріксіз,1
ағам,1
қозғала,1
әуелдегі,1
қаңғырып,1
есік,1
ішіне,6
тамашасы,1
әкелдің,1
дәрмен,1
ел,6
біз,3
келмеген,1
сонымен,1
қатынасатын,3
туысқандарымыз,1
сөнді,1
күбірлеп,1
оған,1
Арқалық,5
бер,1
тыныштық,2
келер,1
көрде,1
қор,1
жеткендігін,1
Балалық,1
сұрағанда,1
ағайын-туғаны,1
енді,4
қылады,1
көргенде,2
саспаған,1
шығуға,3
ерте,6
тынарын,1
аһ,1
өлтіріп,3
адамды,1
шақырып,1
Соңғы,2
әлгі,6
осындай,6
Әлде,1
азын-аулаққа,1
көрініп,4
Үйдегілер,1
алдын,1
?,52
асыға,1
бейнеттен,1
ұмтылды,1
жұртты,1
Аз,3
ойын,2
сенімді,1
бересісін,1
тоқтатты,1
көңілімен,1
әйелдің,1
соқталдай,1
қабақтың,1
Бұлардың,4
мұңды,1
жылаған,3
адамдарды,1
шамасындағы,1
пішінмен,4
бу,1
жағын,1
жеңгетай,1
бірінде,2
үйінде,2
15,1
таң,2
аса,5
байлаулы,1
болмайтын,1
бармаған,1
билеп,2
құда,2
токтай,1
түтеп,1
жолы,2
кәделі,1
суытыңқырап,1
деші,2
жауыздықтар,1
қасіретті,1
калды,1
ұзынша,1
карағандығынан,1
ауыздары,1
әуелгі,2
тоқтатса,1
бірталай,4
Көңілсіздік,1
жолда,3
ойнағаны,1
Көрер,1
Маңдайы,1
жалпақтау,1
жарым-жартылап,1
әлгілердің,1
ішінің,3
бораған,1
сайын,7
ерекше,1
ауыртпалық,1
қалғанда,1
бұрынғыдан,1
күрелмегендіктен,1
қылды,1
айғақ,1
үйген,1
қалқиып,2
жылайтын,1
шірісем,1
лайық,1
дейтін,1
Оңтүстікке,1
Басында,3
алатын,2
жасынан,1
жуансисың,1
шошып,1
оттың,1
Үндеме,1
көңілдірек,1
тыңдаушы,1
келуіне,1
әкетті,1
кой,1
от,1
қайратты,2
аттан,1
сұрады,1
ауыздағы,1
жығылғанның,1
күліп,4
отырарлық,1
хал,1
бейіті,2
Жә,1
есеп-кисабын,1
есіктен,1
өмір,2
пұшыққа,3
Шыдай,1
азайғандығы,1
пысық,1
ешкім,1
баласын,1
орнаған,2
Жыл,1
зор-лығымды,1
екпіндеп,1
Біресе,1
қинаған,1
міңгестіріп,1
жаманшылыктың,1
тақап,1
болуы,1
болғанмен,1
кіргізген,1
